n,serv,time/iter
6,0,0.039449211908931706
6,1,0.034309436008676794
8,0,0.08511513773736293
8,1,0.0672958761793703
10,0,0.15804116778743646
10,1,0.11193714017154272
15,0,0.5583385300668151
15,1,0.3111747074851739
20,0,1.4922651162790699
20,1,0.6110432466311501
25,0,3.349540476190476
25,1,1.139843561442237
30,0,7.598813581890813
30,1,1.9524830217474243
35,0,15.173519713261648
35,1,3.0930353918752567
40,0,27.46593549729505
40,1,4.6975294348817105
