n,serv,time
6,0,0.19165000000000001
6,1,0.18668333333333334
8,0,0.5080666666666667
8,1,0.44621666666666665
10,0,0.8549833333333333
10,1,0.5714
15,0,3.0376166666666666
15,1,1.6972
20,0,8.904516666666666
20,1,3.645566666666667
25,0,20.9386
25,1,6.640566666666667
30,0,50.59825
30,1,13.251816666666667
35,0,83.19435
35,1,17.759116666666667
40,0,159.2659
40,1,33.54351666666666
